jawaban_mahasiswa,id_jawaban_dosen,human_rater,human_rater_scaled
client server server host menjadi tempat menyimpan data informasi dituju diakses client jaringan client host menjadi alat untuk mengakses meminta data informasi dikirim server client berfungsi untuk mengirimkan data informasi simpan server,1,100,1
dimaksud client server jaringan komputer perangkat berfungsi bertugas untuk meminta data perangkat berfungsi bertugas untuk memberikan data atas permintaan diminta perangkat client perangkat bertugas untuk meminta data server perangkat bertugas untuk memberikan data permintaan diajukan client client meminta data client server dikenal download upload download terjadi client meminta data server upload client memberikan data server,1,100,1
client end device dimana berupa peminta data subjek membutuhkan layanan data client memberikan sinyal server untuk meminta data diinginkan server end device berfungsi penyedia data untuk client client membutuhkan client menerima file diinginkan client memberikan acknowledgement server untuk memberitahukan file sukses dikirimkan,1,100,1
jaringan client server salah arsitektur jaringan komputer mempunyai fungsi untuk membuat perangkat client melakukan proses meminta data perangkat client berupa perangkat komputer aplikasi software terinstal guna untuk meminta menerima data jaringan salah satu contoh aplikasi software digunakan untuk meminta menerima data jaringan web browser dimana user melakukan request untuk halaman web aplikasi web browser persis lakukan perangkat dikategorikan client perangkat mobile smartphone tablet,1,100,1
client server jaringan komputer jaringan memiliki host dua level berbeda client host server host client host melakukan request server mengakses mengolah data server melakukan perubahan jaringan server host menyimpan mengolah data device digunakan client jaringan server mengatur data dikirim jaringan,1,90,0.9
client server jaringan menghubungkan jaringan menghubungkan client user server jaringan membuat client meminta data informasi untuk akses permintaan server server mengirimkan data diminta client data diminta tersedia sesuai protocol client menerima data,1,90,0.9
client server jaringan komputer client user pemakai jaringan merequest permintaan server server penyedia informasi data dibutuhkan client,1,90,0.9
client server model jaringan memerlukan server tetap fixed server pusat lintas data jaringan klien bertindak device mengirimkan request server bertindak device membalasnya reply request,1,90,0.9
host berada tingkat bawah hierarki jaringan client memiliki akses terbatas singkatnya meminta baik data akses host disebut server untuk membuka webpage client meminta data server mengirimkan kembali data http client untuk diakses,1,90,0.9
client dikenal host pengguna jaringan computer client computer meminta request data jaringan server computer membalas reply request computer client jaringan computer client server hubungan komunikasi dua computer dimana client computer meminta data data dibutuhkan dikirimkan media jaringan dicari sever sumber data data diminta client server mengirimkan data diminta si client data diminta client server memberitahukan client data dikirimkan,1,90,0.9
client server interaksi jaringan dimana client user mengirim permintaan data server client server memngirimkan pelayanan data client sesuai permintaan client server berdiri tugasnya memberikan pelayanan client clientnya,1,90,0.9
jaringan computer dikenal 2 istilah client server istilah client server disinggung dns domain name system client server client host sifatnya berhubungan pengguna server domain hostname sifatnya penyimpan hostname ip address dimaksud server hostname dikenali ip address dimaksud misalnya client megakses website scele ui ac id alamat scele berperan host ip nya tersimpan server pengguna mengakses scele menghafal ip address scele dibutuhkan mengingat mengakses website huruf mudah diingat ole user ip web pengguna user menjadi mudah,1,90,0.9
client pihak memerlukan mengakses sumber daya web page file dll server perangkat menyediakan sumber daya layanan dibutuhkan client,1,90,0.9
server device bertindak database file diupload tersimpan server client mendownload men download data nya server contoh server website berisi file file website tsb tampilannya data data download dll berkontribusi meng upload data mengubah website tersimpan server website tsb membuka website tsb mendapat mendownload tampilan websitenya server,1,80,0.8
client host memungkinkan untuk melakukan request server host memiliki software mengenai informasi dibutuhkan client client server protocol dimana mengatur transfer file client server client mengirimkan request server server mengirimkan balasan berupa informasi diminta client,1,80,0.8
client perangkat mengakses meminta layanan informasi jaringan ditampilkan user server perangkat berguna untuk menyediakan layanan informasi diminta client server sumber data informasi diakses client,1,80,0.8
client server salah satu model jaringan dimana device bertindak client device bertindak server device bertindak client berfungsi untuk mengirimkan request server mengakses mengolah data dimiliki server device bertindak server berfungsi untuk mengirimkan balasan request dikirimkan client menyimpan data data berhak diakses client,1,80,0.8
client server fungsi perangkat menjadi client menjadi server artinya hak untuk menjadi client server dimiliki menguntungkan device menjadi client server jumlah file data luas mudah memperoleh data contoh client server jaringan komputer peer to peer,1,80,0.8
client komputer me request data informasi jaringan komputer tampilan client menggunakan gui server komputer berfungsi untuk me reply permintaan data software server berbeda client tampilan server menggunakan command line,1,80,0.8
client perangkat jaringan komputer meminta paket data server server penyedia layanan server terdapat data data diakses client,1,80,0.8
client server metode jaringan dimana server bertindak admin supply data client bertindak demant data misalnya client meminta izin untuk mengambil data server server supplier data berhak untuk mengizinkan client mengambil data,1,80,0.8
client pihak meminta data jaringan server pihak melayani penyimpanan data berada disana contohnya membuka website komputer client mengirimkan pesan server meminta data website ditampilkan tampilan gambar tulisan dll website server mengirimkan data syarat koneksinya terjalin baik ack,1,80,0.8
jaringan komputer client bertindak peminta pengguna layanan server penyedia layanan dilakukan dua mesin berbeda terjadi mesin,1,80,0.8
client server metode pentransferan konten dimana pembagian konten haya terfokus end device server server membagikan kontennya client meminta konten client meminta memperoleh server banyaknya client mempengaruhi kecepatan transfer konten,1,70,0.7
client hardware penerima server hardware menyediakan informasi fungsi fungsi diakses client,1,70,0.7
client server relasi terjalin jaringan client server terjadi server server berupa web file mail server client server dikenal user perangkat komputer smartphone user meminta akses untuk menjalin koneksi meminta mengirim data server,1,70,0.7
client server model jaringan komputer dimana server penyedia resource client sisi melakukan request resource dimiliki server,1,70,0.7
client merequest data dimana server penyedia data tempat data tersimpan untuk client server sistem relasi pengguna client penyedia data server,1,70,0.7
client server host me request data host berfungsi server jaringan client mengirmkan ip address server tujuan ip masuk kedalam dns server berfungsi memeriksa alamat ip dikirimkan olek client terdaftar jaringan,1,60,0.6
clien server pihak pihak bertindak server client bersifat client meminta layanan ketka bertindak server tugasnya untuk melayani memberikan diperintahkan client jadi keterkaitan fungsinya,1,60,0.6
client server computer maksudnya dasar sumber melakukan pengiriman data terjadi proses awalnya client me request server client mendapatkan respon feedback jawaban request dikirimkan server,1,60,0.6
client server jaringan computer host berfungsi menyediakan layanan service jaringan memberikan request berhubungan jaringan,1,60,0.6
client host memberi request server jaringan computer server host menerima request menjawab request client,1,60,0.6
client server salah satu metode berkomunikasi jaringan memanfaatkan device satu pemilik sumber daya device konsumen sumber daya,1,60,0.6
client server jaringan metode menghubungkan langsung client servernya network client meminta data langsung servernya,1,60,0.6
client perangkat menerima informasi menjalankan aplikasi server pusat pengendali data aplikasi keamanan,1,60,0.6
client server jaringan komputer dua entitas mengirimkan menerima menyediakan data jaringan,1,60,0.6
client server model aplikasi terdistribusi membagi tugas penyedia layanan meminta layanan,1,60,0.6
komunikasi client server jaringan komputer komunikasi dua arah dimana client berperan peminta informasi server penyedia informasi,1,60,0.6
pengguna penyedia internet,1,50,0.5
client server jaringan komunikasi client server komputer client menyediakan informasi software dibutuhkan client nya komputer client mempunyai akses untuk mengambil informasi tersedia komputer server,1,40,0.4
client server jaringan 2 buah cliet 1 server satu jaringan,1,40,0.4
client server pengguna jaringan membutuhkan menginginkan informasi client server meminta informasi server,1,40,0.4
client server penyedia layanan jaringan network pengguna client,1,40,0.4
proses hibernate pc termasuk cara untuk shutdown proses hibernate data pc menyala ram disimpan storage rom komputer posisi hibernate power benar benar kondisi off perlu men transfer daya ram pc dihidupkan proses hibernate os me load data rom ram,2,100,1
dimaksud hibernate komputer proses boot komputer dimana data files simpan secara temporarily hard drive hard disk hard disk power daya komputer dihilangkan dimatikan dicabut user mendapatkan file file nya kembali power dinyalakan berbeda sleep dimana file disimpan ram komputer diatur tingkat daya rendah,2,100,1
dimaksud hibernate pc kondisi dimana file file program berjalan komputer menyala dimatikan file program disimpan hard disk ram komputer berada keadaan mati total keadaan low power state,2,100,1
hibernate pc artinya melakukan penyimpanan kerja memori memori virtual hard disk hibernate komputer berada keadaan shutdown mati komputer dihidupkan kembali data data dikirimkan kembali memori ram untuk diproses kembali,2,100,1
hibernate salah satu pilihan berbagai mode pc mode hibernate sistem menyimpan file software dijalankan hard disk ram data mengenai file software berjalan hilang power supply dimatikan mode hibernate pc dinyalakan pc otomatis me load kembali data mengenai software file dijalankan user langsung melanjutkan pekerjaan dilakukan power supply cabut,2,100,1
hibernate pc proses dimana komputer diletakkan keadaan power mati aplikasi terbuka save diletakkan virtual drive hibernate membuka kembali komputer meneruskan pekerjaan komputer me load kembali terakhir lakukan meng hibernate komputer memiliki keuntungan menghemat power consumption,2,100,1
hibernate pc fungsi menyimpan data program konfigurasi komputer digunakan disimpan hard disk hibernate secara sederhana fungsi mematikan komputer menghilangkan data program kerjakan pekerjaan lanjutkan masa mendatang hibernate prinsipnya sleep berbeda komponen digunakan proses sleep data disimpan ram hibernate data disimpan hard disk proses hibernate data disimpan hard disk data konfigurasi disimpan menjadi aman berubah akibat kehilangan daya listrik kerugian proses hibernate proses booting sleep diakibatkan daya listrik komputer dimatikan proses boot me load data semetara disimpan harddisk ram kembali,2,100,1
hibernate salah satu mode diaktifkan komputer dimana kondisi hibernate data data aktif disimpan hard disk internal untuk daya mengalir komputer dijadikan off hibernate berbeda mode sleep dimana mode sleep data disimpan kedalam rom untuk komputer berada kondisi low power mode,2,100,1
hibernate cara untuk mematikan komputer tetap mempertahankan state kondisi komputer dimatikan sleep standby caranya meng copy data digunakan state kondisi komputer hard disk untuk diakses kali berikutnya komputer dinyalakan berbeda sleep standby komputer hibernate membutuhkan listrik baterai power outlet untuk mempertahankan state komputer standby file state disimpan ram komputer kehilangan listrik data state tersimpan ram hilang ram volatile memory komputer dinyalakan berikutnya cold boot user memulai awal untuk mendapatkan state,2,100,1
hibernate pc salah satu cara mematikan shut down komputer kondisi power hardware dimatikan data tersimpan hard disk menyalakan kembali perlu melakukan cold boot meneruskan data tersimpan harddisk,2,100,1
2 hibernate proses untuk mematikan penggunaan daya komputer secara langsung kondisinya memory diprocess ram dipindahkan langsung harddisk penggunaan hibernate menggunakan memakan alokasi memory hard disk lumayan besar keuntungan hibernate menjaga keutuhan file berbeda sleep file nya tersimpan ram daya masuk data hilang mengefisienkan kinerja komputer dinyalakan data kerja harddisk langsung dikembalikan ram menghemat waktu shutdown untuk mematikan komputer,2,100,1
hibernate proses untuk membuat pc keadaan shut down kembali dihidupkan melanjutkan sesi dikerjakan pc keadaannya mirip sleep untuk rentang waktu mengeluarkan energi kondisi sleep untuk kondisi low powered kondisi hibernate menutup aplikasi apapun kerjakan,2,90,0.9
hibernate perangkat komputer laptop pc fitur sistem operasi os berfungsi untuk melakukan penyimpanan data hard disk pc melakukan penghematan listrik mematikan cara kerja stand by mode menjalankan hibernate pc dalm keadaan mati mati total,2,90,0.9
hibernate kondisi mirip sleep komputer menyala energi perbedaannya hibernate memindahkan data ram menyimpannya rom hard disk hilang dinyalakan kembali proses menghidupkan kembali kondisi hibernate dibandingkan sleep,2,90,0.9
hibernate pc proses untuk mematikan komputer komputer benar benar keadaan mati artinya ram komputer tetap menyala data ram transfer hard disk data ram hilang,2,80,0.8
sistem windows memilih menu shutdown pilihan untuk mematikan komputer shutdown salah satunya hibernate hibernate kondisi dimana komputer masuk status bekerja aktif menyimpan program ram hard disk terhubung sumber daya baterai steker dimaksudkan pengguna menyalakan kembali windows langsung bekerja melanjutkan pekerjaan,2,80,0.8
hibernate keadaan dimana komputer menyimpan dokumen program terbuka mematikan power komputer sepenuhnya hibernate berbeda shutdown shutdown komputer dihidupkan kembali komputer memulai keadaan awal komputer hibernate komputer dihidupkan kembali komputer menyala keadaan menghibernate komputer maksudnya program data terbuka komputer hibernate tetap menyala tertutup,2,80,0.8
hibernate cara mematikan komputer user kehilangan data close tersimpan memakan penggunaan listrik baterai keadaan hibernate mati dinyalakan kembali komputer menampilkan layar desktop hibernate,2,80,0.8
hibernate cara mematikan komputer untuk jangka waktu panjang data aktif simpan memori power cpu mati komputer dinyalakan data muncul kembali digunakan hibernate terjadi supply energy listrik tiba tiba terhenti secara umum fungsi hibernate fungsi sleep hibernate mematikan power aktivitas komputer,2,80,0.8
hibernate kondisi dimana pc digunakan aplikasi tetap berjalan hibernate data disimpan aliran listrik pc dihentikan data langsung terhapus sistem,2,80,0.8
hibernate keadaan state komputer dimana data data program diaplikasikan disimpan harddisk disk drive komputer menggunakan energi power rendah keadaan hibernate keadaan hibernate komputer siap untuk shutdown dimatikan proses penyimpanan data,2,80,0.8
hibernate proses mematikan komputer power supply keadaan mati data data kerjakan otomatis tersimpan beda halnya sleep sleep data data berjalan secara otomatis tersimpan power supply digunakan keadaan hidup,2,80,0.8
hibernate pc proses dimana pc olah dimatikan secara total terus berjalan diistirahatkan dilakukan untuk melakukan warm booting user perlu menunggu mengaktifkan komputer kembali proses aplikasi buka tertutup menggunakannya kembali aplikasi langsung muncul,2,80,0.8
hibernate artinya meng off mematikan komputer program aplikasinya data hilang tertutup user menghidupkan kembali komputer user membuka kembali program aplikasi dijalankan menghidupkan kembali komputer,2,80,0.8
hibernate mematikan komputer secara total tetap menyimpan aplikasi gunakan perbedaannya sleep sleep membutuhkan konsumsi data hibernate untuk menyalakannya kembali perlukan waktu perbedaannya shut down shutdown komputer mati secara total menyalakannya kembali menjadi aplikasi tertutup hibernate program buka tertutup,2,80,0.8
hibernate mirip kondisi sleep kondisis sleep data disimpan ram kondisi hibernate data disimpa drive,2,80,0.8
menyimpan kondisi komputer rom mematikan daya dihidupkan kembali melanjutkan kondisi disimpan,2,80,0.8
hibernate salah satu kondisi dimana pc dimatikan waktu sleep bedanya hibernate menggunakan energi dibandingkan sleep data disimpan random access memory dipindahkan read only memory hard disk dinyalakan kembali data hilang,2,80,0.8
hibernate pc proses komputer memungkinkan komputer untuk menyala bekerja energi rendah menutup close aplikasi dijalankan hibernate dilaksanakan,2,79,0.79
hibernate pc proses komputer untuk mencapai low power state keadaan hibernate pc benar benar mati total dinyalakan kembali prosesnya memakan waktu dimulai awal kembali kondisi komputer berada no power state proses hibernate pc program berjalan pc hilang pc dinyalakan kembali pc langsung menampilkan program program berjalan,2,70,0.7
hibernate perintah untuk memberhentikan komputer untuk beroperasi file program ditutup disimpan hardisk komputer,2,70,0.7
hibernate memiliki kesamaan sleep daya dimatikan perbedaannya berada dokumen disimpan sleep operasi dihentikan hibernate dokumen disimpan harddisk dinyalakan kembali dokumen digunakan kembali,2,70,0.7
hibernate salah satu fitur terdapat komputer dimana fitur menggabungkan shut down sleep hibernate mematikan komputer menghilangkan keadaan komputer menyala komputer hibernate komputer otomatis menyimpan keadaan pc file aplikasi dijalankan hard disk,2,70,0.7
mode dimana pc tetap masuk kedalam mode low power mode dimana hdd storage device menyimpan pekerjaan dikerjakan pc secara,2,70,0.7
kondisi hibernate komputer kondisi dimana komputer keadaan mati sepenuhnya data disimpan rom hard disk dinyalakan kembali data hilang,2,70,0.7
hibernate kondisi pc mematikan proses dilakukan hidupkan kembali membutuhkan waktu singkat,2,60,0.6
hibernate kondisi dimana pc beroperasi mati operasi jalankan dijeda disimpan pc dinyalakan kembali,2,60,0.6
hibernate berbeda sleep dimana sleep kondisi laptop dibuat menjadi keadaan rendah power pc menyimpan data data word excel komputer dibuat keadaan sleep hibernate membuat kondisi komputer sleep kondisi rendah power pc menyimpan data data dikerjakan pc,2,50,0.5
kondisi mematikan daya komputer menyimpan kondisi hibernate state,2,50,0.5
hibernate berarti pc melakukan power down untuk menghemat pemakaian daya pengguna kehilangan data proses berlangsung,2,50,0.5
hibernate salah satu mode power off windows bertujuan untuk mematikan komputer menyimpan state komputer dimatikan untuk dilanjutkan power dinyalakan kembali windows 10 fitur muncul secara default diatur ditampilkan mode power,2,50,0.5
hibernate kondisi dimana power diputus komponen pc kegiatan disimpan hardisk,2,50,0.5
mengistirahatkan laptop shutdown,2,40,0.4
mengurangi penggunaan listrik menympan state terakhir komputer memori,2,40,0.4
model komputer arsitektural von neuman diterapkan menggunakan bagian arithmatic logic unit control memory input output model komputer atas input cpu output cpu terdapat control unit alu untuk fungsi aritmatika,3,100,1
von neumann model komputer komponen komponen penyusunnya menyerupai komputer modern berlaku input unit menuju processing unit dimana dalamnya terdapat memory unit alu dilanjutkan output unit model von neumann menjadi model dipelajari materi hardware komputer,3,100,1
nama model von neumann diambil penciptanya bernama john von neumann model atas 4 sistem secara garis besar input cpu memory output cpu terbagi menjadi dua alu unit control input cpu output memory input masukan perintah diolah output hasil input diolah sistem cpu alu arithmatic logic unit sistem mengatur perhitungan aritmatika didalamnya terdapat aljabar boolean unit control sistem mempermudah cpu karna sistem meng handle kerja perangkat keras terpakai mengatur input masuk output keluar mengatur mekanisme pengambilan data memory memory sistem penyimpanan digunakan untuk memproses data cpu,3,100,1
menurut von neumann komputer 4 buah bagian memori untuk menyimpan data control unit untuk mengatur proses i o alu untuk mengolah data berdasarkan proses aritmatik logika i o berfungsi data masukan keluaran komponen dihubungkan jalur data bus,3,100,1
model von neumann menggambarkan komputer empat bagian utama aritmatika logic unit alu unit control memory input output keempat unit dihubungkan rangkaian kawat bus,3,100,1
komputer model von neumann menggambarkan komputer 4 bagian utama unit aritmatika logis alu unit kontrol unit memori alat untuk memasukan menampilkan hasil proses i o devices komputer von neumann mempunyai 3 blok bangunan utama cpu memori input output cara kerja main memory komputer menyimpan data program bus digunakan untuk men transfer data alamat mengontrol signal baik memori perangkat setalah control unit mengankap instruksi instruksi dikirimkan mengeksekusinya alu arithmetical logic unit berfungsi untuk melakukan operasi dasar matematika penjumlahan pengurangan proses terdapat i o devices dimana input devices berfungsi untuk mengirimkan data data diproses manusia mekanisme proses output devices menampilkan hasilnya bentuk dimengerti manusia,3,100,1
model komputer von neumann diterapkan bagian arithmatic logic unit kontrol memori input output model komputer input cpu output cpu terdapat control unit alu cpu untuk melakukan fungsi aritmatika,3,100,1
von neumann arsitektur komputer dijumpai memiliki 3 komponen utama memori perangkat input output i o cpu central processing unit memori komponen untuk menyimpan data perangkat i o berguna untuk memberikan masukan perintah keyboard menerima hasil monitor untuk menampilkan gambar cpu memiliki 2 sub komponen control unit cu arithmetic logic unit alu cu berguna untuk memberikan perintah untuk transfer transfer data baik cpu memori perangkat i o untuk memasuki slot terakhir alu berfungsi untuk melakukan perhitungan komputer memiliki slot terdapat akumulator untuk memproses,3,100,1
arsitektur dibuat neumann dipakai terdapat 4 bagian utama arsitektur unit aritmetika logis alu unit kontrol memori alat masukan hasil secara kolektif dinamakan i o keempat bagian disebutkan dihubungkan bus berkas kawat arsitektur hadir guna untuk memperbaiki konsep arsitektur eniac utama hadir perbaiki konsep penyimpanan program secara teknis keempat bagian utama arsitektur mempunyai fungsi memori utama menyimpan data instruksi unit aritmetika logis alu mengolah data biner unit kontrol melakukan interpretasi instruksi instruksi memori eksekusi instruksi input output melakukan interaksi lingkungan luar,3,100,1
von neuman arsitektur komputer arsitekturnya digunnakan memori input output cpu cu alu,3,90,0.9
komputer aritmathic logical unit control unit memory untuk menyimpan data,3,90,0.9
arsitektur von neumann arsitektur komputer menempatkan program rom read only memory data ram random access memory peta memori arsitektur memiliki address data bus tunggal untuk mengalamati program data arsitektur von neumann mesin von neumann arsitektur diciptakan john von neumann tahun 1903 1957 komputer menggunakan arsitektur buatan john von neumann arsitektur von neumann menggambarkan komputer empat bagian utama unit aritmatika logis alu unit kontrol cu memori alat masukan i o,3,90,0.9
komputer model von neumann komputer menggunakan empat bagian utama alu unit control memori alat input output,3,90,0.9
arsitektur von neumann menggambarkan komputer empat bagian utama unit aritmatika logis alu bagian unit kontrol cpu media penyimpanan memory alat masukan input hasil keluaran output secara kolektif dinamakan i o arsitektur komputer awalnya digunakan untuk membuat super komputer menggabungkan komputer processor menjadi satu untuk mensimulasikan rumit,3,90,0.9
arsitektur komputer diciptakan john von neumman digunakan komputer isinya memory unit control unit aritmetic logic unit input output,3,90,0.9
terdapat empat bagian utama alu arithmatic logical unit protocol unit memory devices untuk input output komputer generasi pertama dibuat tahun 1940 an akhir 1950 an awal,3,90,0.9
komputer model von neumann arsitektur komputer mempatkan program data peta komputer menggunakan bus tunggal untuk mengamati program instruksi komputer 4 bagian utama alu cu memory input output,3,90,0.9
komputer model von neumann arsitektur komputer memori cpu cu control unit alu arithmetical logical unit input output,3,90,0.9
komputer model von neumann komputer memiliki arsitektur dimana letak ram rom berada memori model komputer memiliki address data bus tunggal untuk mengalamatkan program bagian komputer atas cpu memory input output komponen komponen terhubung bus,3,90,0.9
model arsitektur diciptakan untuk menggambarkan komputer empat bagian unit aritmatika logic unit alu unit kontrol memori input output keempat unit dihubungkan berkas kawat bus,3,90,0.9
komputer von neumann memiliki program tertanamkan komputer komputer main memory menyimpan data program pengoperasian algorithm and logic unit alu data biner control unit cu menginterpretasikan instruksi memori eksekusi peralatan input output dioperasikan cu struktur komputer model von neumann main memori alu cu input output,3,90,0.9
von neumann menggambarkan komputer empat bagian utama unit aritmatika logis alu unit kontrol memori alat masukan hasil secara kolektif dinamakan i o,3,90,0.9
komputer von neumann jenis komputer empat bagian utama unit aritmatika logis alu unit kontrol memori alat masukan bagian dihubungkan bus komputer jenis digunakan ragam komputer jaman,3,90,0.9
komputer von neumann membagi menjadi 4 bagian utama alu unit kontrol memory i o,3,90,0.9
model van neumann menggambarkan komputer dibagi 4 bagian utama keempat bagian dihubungkan kawat bus alu arithmatic logic unit unit control memory input output,3,90,0.9
komputer von neumann terdapat 4 bagian unit aritmatika logis alu bagian unit kontrol pemroses cpu tempat pemroses instruksi program alu perhitungan airmatika control unit mengatur mengendalikan peralatan sistem komputer media penyimpanan memory untuk penyimpanan data ram data disimpan hilang dialiri listrik rom data hilang aliran listrik mauskan input media untuk memasukan data processor untuk proses untuk menghasilkan informasi dibutuhkan keluaran output menampilkan informasi pengguna hasil pemrosesan dilakukan komputer,3,90,0.9
komputer model von neuman arsitektur komputer diciptakan von neumann arsitektur komputer 4 bagian utama aritmetika logis alu kontrol unit memori input output,3,90,0.9
komputer model pertama menjadi pedoman modern architecture dimana mengerjakan program tersimpan didalamnya atas cpu control unit logic unit memory input output device,3,90,0.9
komputer model von neumann komputer dibuat tahun 1945 konsep komputer von neumann digunakan struktur komputer empat bagian unit pemrosesan berisi alu register prosesor unit kontrol berisi program counter instruction register memori untuk penyimpanan input output,3,90,0.9
komputer von neumann komputer pertama dibuat john von neumann tahun 1945 komputer empat komponen prosesor memori input output,3,90,0.9
komputer von neumann komputer ditemukan von neumann memiliki cara kerja berikut input control unit alu output bagian control unit alu terdapat proses untuk load data menyimpan data storage,3,80,0.8
model von neumann salah satu arsitektur komputer diciptakan von neumann didalamnya terdapat memori alu control unit input output,3,80,0.8
komputer memiliki processing unit memory input ouput,3,80,0.8
komputer memiliki arsitektur komponen processing unit control unit penyimpanan data mekanisme input output,3,80,0.8
komputer model von neumann komputer generasi pertama memori alu input output,3,80,0.8
komputer besar menggunakan unit kontrol unit penghitung unit memori untuk input mengeluarkan output,3,70,0.7
komputer model von neumann arsitektur komputer umum dipakai dimana input cpu output,3,70,0.7
komputer model von neumann arsitektur komputer von neumann arsitektur diciptakan john von neumann arsitektur komputer menempatkan program rom read only memory peta memori arsitektur memiliki adress data bus tunggal untuk mengamati program instruksi data,3,60,0.6
komputer model von neumann model komputer dimana didalam sistemnya sistem random access memory nya read only memory nya terdapat peta memory arsitektur terdapat address bus data bus untuk memberikan perintah address ram mengambil mengirimkan data ram rom,3,60,0.6
von neumann architecture is based on the stored program computer concept where instruction data and program data are stored in the same memory this design is still used in most computers produced today,3,60,0.6
komponen elektronika komputer model von neumann terbuat vacuum tube program dibuat menggunakan bahasa pemograman 0 1 program tersimpan memori komputer sifat sifatnya ukurannya besar memerlukan tempat luas memerlukan pendingin mengeluarkan kalor proses relatif lambat kapasitansi untuk menyimpan data,3,40,0.4
dasar perkembangan komputer bagian seperi alu memori io,3,40,0.4
model von neumann model komputer menjadi dasar arsitektur komputer modern,3,40,0.4
von neumann arsitektur komputer pertama kali dibuat sejarah komputer dibuat perang dunia kedua dimana digunakan mesin dibuat alan turing ilmuwan inggris untuk memecahkan kode rahasia milik jerman keberhasilan mesin dibuat turing membuat ilmuan von neumann untuk mengembangkan sistem pemecah kode melakukan komputasi arsitektur register register bagian otak komputer dibuat dibilang efektif,3,30,0.3
turbo boost penambahan komponen cpu untuk mempercepat kinerja sistem komputer aplikasi aplikasi dalamnya berfungsi cepat proses booting keadaan cold boot komputer dimatikan sepenuhnya user langsung menjalankan aplikasi komputer,4,100,1
turbo boost kemampuan processor untuk meningkatkan kecepatan diatas standar processor terjadi processor menjalankan aplikasi berat game browsing satu inti processor bekerja membuat inti beristirahat inti bekeja mendapat daya inti berisitirahat,4,100,1
turbo boost berhubungan clock rate komputer besar clock rate komputer besar kecepatan komputer kecepatan dimaksud kecepatan pengolahan transmisi data komputer turbo boost cara untuk meningkatkan kecepatan clock komputer menjadi kecepatan maksimal pengolahan data cepat,4,100,1
turbo boost aplikasi digunakan untuk men support mempercepat processing processor aplikasi dibuka menggunakan komputer menyebabkan processor kelelahan akibatnya terjadi loading untuk perintah peintah selanjutnya diberikan untuk digunakan turbo boost untuk membantu kerja processor berat melakukan kerja,4,100,1
dimaksud turbo boost perangkat terdapat komputer meningkatkan clock speed komputer tesebut clock speed kecepatan komputer waktunya satuan ghz jadi normalnya komputer memiliki clock speed 2 4 ghz turbo boost nyala clock speed computer naik 2 9 ghz,4,100,1
turbo boost pendukung komputer processor digunakan cepat perangkat tambahan turbo boost,4,100,1
turbo boost pemaksaan pemaksimalan kerja processor menjalankan aplikasi cukup berat single threading application contohnya game turbo boost tergantung kondisi suhu processor bersangkutan,4,100,1
turbo boost kemampuan processor untuk meningkatkan kecepatan data atas rata rata,4,100,1
turbo boost teknologi secara otomatis memungkinkan seuah processor bekerja cepat cara berjalan clock tinggi spesifikasi menjalankan program aplikasi single threading performanya multi threading,4,100,1
turbo boost aplikasi bertujuan untuk mengoptimalkan mem boost kinerja komputer komputer turbo boost bekerja efisien cepat keadaan turbo boost,4,100,1
turbo boost teknologi mengatur menaikan kecepatan clock cpu komputer program turbo boost secara sederhana program meng overclock cpu komputer secara otomatis tergantung dibutuhkannya berbeda sistem overclocking konvensional umumnya program turbo boost terdapat digunakan secara default intel prosesor i5 keatas program turbo boost komputer membutuhkan kecepatan clock cpu besar bermain game program secara otomatis menaikan kecepatan clock cpu cara kerja turbo boost overclock konvensional salah satunya mengatur voltase dimasukan cpu perbedaannya program turbo boost terutama intel turbo boost proses overclocking otomatis menjadi aman resiko cpu rusak program memperhitungkan voltase maksimum dimasukkan berbeda overclocking konvensional dimana mengatur berbagai input cpu terjadi resiko kerusakan besar tahu lakukan,4,100,1
turbo boost cara untuk meningkatkan kapasitas ram beroperasi komputer menjadi cepat untuk bekerja energi dikeluarkan menjadi besar energi komputer menjadi cepat terkuras,4,100,1
turbo boost fitur untuk memaksimalkan kemampuan hardware komputer kata hardware komputer dipaksa bekerja semaksimal dibanding kondisi misal processor kondisi standard bekerja frekuensi 2 4 ghz turbo boost prosesor dimaksimalkan kemampuannya bekerja frekuensi 3 0 ghz giga hertz,4,100,1
turbo boost proses mempercepat frekuensi komputer membuat processing komputer menjadi cepat contoh processor memiliki fsb sebesar 3 0 ghz dipacu menjadi 4 0 ghz cara menaikkan tegangan turbo boost berguna untuk mempercepat proses komputer,4,100,1
turbo boost bagian prosesor digunakan untuk menaikan clock rate komputer membutuhkannya contohnya 2 7 ghz 4 8 ghz,4,100,1
turbo boost aplikasi terdapat komputer menyebabkan processor bekerja cepat clock besar keuntungan turbo boost komputer bekerja cepat melakukan multitasking baik meningkatkan kerja komputer kerugian turbo boost komputer menjadi cepat panas pemakaian listrik menjadi boros processor membutuhkan suplai arus listrik besar,4,100,1
turbo boost kelebihan dimiliki processor quad core multi core turbo boost berfungsi untuk mempercepat pemrosesan pengiriman data komputer turbo boost mensetting clock bekerja secara maksimal cepat prosesor dual core memiliki turbo boost,4,100,1
turbo boost fungsi fasilitas untuk memaksimalkan kinerja perangkat komputer penggunaan turbo boost diharapkan kinerja komputer menjadi maksimal efisien menggunakan turbo boost perangkat perangkat komputer bekerja penuh akibatnya mempercepat umur perangkat jenis digunakan turbo boost memory ram untuk memaksimalkan proses pengolahan data memory turbo boost untuk cpu digunakan untuk melakukan perintah perintah prioritas penggunaan komputer menjadi efisien,4,90,0.9
turbo boost penguat kerja computer performance kualitas baik didukung processor baik kerja komputer maksimal,4,80,0.8
seringkali user membutuhkan kinerja sepenuhnya komputer untuk menjalankan satu task misalnya bermain game aplikasi menggunakan resource jumlah besar turbo boost seringkali berupa aplikasi dijalankan background service cara untuk memprioritaskan proses komputer aplikasi digunakan user mendapat prioritas utama dijalankan performa optimal komputer,4,80,0.8
dimaksud turbo boost menggunakan memori flash misalnya flashdisk flash disk untuk dijadikan vram virtual ram random access memory ram menjadi luas capable untuk menjalankan program diatas batas ram asli dimiliki turbo boost memiliki kekurangan kecepatan vram virtual random access memory lambat dibandingkan ram asli terpasang mother board,4,80,0.8
turbo boost kata overclocking dilakukan untuk processor intel turbo boost menghasilkan performa baik frekuensi processor dinaikkan memiliki dampak buruk terjadi umur perangkat singkat disebabkan processor bekerja atas normal suhu meningkat secara signifikan,4,80,0.8
turbo boost proses penambahan kapasitas ram menggunakan perangkat tambahan hard disk ram penuh data data tetap tersimpan proses turbo boost,4,70,0.7
kemampuan processor untuk meningkatkan frekuensi clock performa baik,4,70,0.7
turbo boost fitur mendongkrak clockspeed dasar prosesor menjadi jauh besar memiliki kemampuan baik,4,70,0.7
turbo boost teknologi meningkatkan clockrate processor komputer memiliki kinerja baik,4,70,0.7
turbo boost sistem diberikan produsen prosesor untuk meningkatkan performa prosesor keadaan memadai sesuai batas diberikan,4,70,0.7
turbo boost peningkatan performa prosesor peningkatan dimaksud mempercepat frekuensi clocking,4,70,0.7
turbo boost proses penambahan kapasitas memori ram menggunakan device tambahan flashdisk jadi memori ram penuh data dimasukan ram dialihkan device tambahan proses transfer data menggunakan device tambahan lambat dibandingkan langsung menggunakan ram,4,60,0.6
turbo boost booting cepat melewati proses pengecekan processor ram komponen komponen penting motherboard divais divais tersambung komputer jadi komputer dinyalakan cool boot langsung skip menuju warm boot salah satu komponen sesuai pemberitahuan permasalahan dideteksi cool boot,4,60,0.6
turbo boost proses boot cepat cold boot dimana tahapan tahapan proses cold boot dilewatkan proses bios untuk mengecek ketersediaan hardware hardware terpasang system unit sound card graphic card,4,60,0.6
dimaksud turbo boost proses booting terjadi luar warm cold boot warm cold boot meliputi proses shut down restart turbo boost proses booting mematikan komputer cepat menghilangkan mematikan power source daya power supply,4,60,0.6
turbo boost salah satu utility software berfungsi untuk meningkatkan performa komputer turbo boost menjalankan fungsi membersihkan space mengoptimisasi fungsi komputer bekerja cepat efektif,4,60,0.6
turbo boost aplikasi digunakan untuk menaikkan performa komputer menjalankan aktivitas cara meminimalisir mematikan aplikasi aplikasi program program digunakan turbo boost contoh software application,4,60,0.6
pengaplikasian memory ram flashdisk memindahkan data dimana koneksi flashdisk pc terdapat hubungan hubungan terdapat turbo boost terkoneksi flashdisk pc pembukaan data flashdisk pc data terbuka turbo boost perpindahan data berjalan semestinya,4,60,0.6
fitur untuk meningkatkan performa sistem penggunaan mendekati peggunaan maksimal,4,60,0.6
meningkatkan frekuensi processor baik melakukan fungsi fungsinya,4,60,0.6
turbo boost kondisi dimana terjadi penambahan kecepatan prosesor mencapai kecepatan maksimal,4,60,0.6
turbo boost kondisi cepat,4,50,0.5
kondisi dimana prosesor bekerja semaksimal meningkatkan clock cpu turbo terbatas kemampuan pendinginan sistem,4,50,0.5
turbo boost me restart komputer komputer turbo boost mematikan powernya untuk aplikasi program dijalankan menutup perbedaan turn off komputer membuka on kembali perintah user,4,40,0.4
tahu hubungan turbo boost komputer dunia otomotif turbo boost tekanan udara tambahan turbo membantu siklus pembakaran mesin pembakaran,4,20,0.2
kecepatan tinggi,4,20,0.2
turbo boost kondisi mobil turbo dimana mobil digaspol mendapatkan tenaga tambahan berkat turbo mobil menjadi jauh kencang suka turbo,4,10,0.1
client server jaringan komputer model komunikasi terjadi dua belah pihak penyedia layanan data disebut server pengguna peminta layanan data disebut client umumnya kedua belah pihak berkomunikasi hardware berbeda terjadi satu mesin sistem,1,100,1
hibernate pc fitur mematikan pc untuk waktu sleep fitur menggunakan tenaga sleep menjaga komputer tetap menyala tenaga hibernate menyimpan proses berjalan secondary memory sleep menyimpannya ram komputer mengalami hilang tenaga komputer dinyalakan ulang awal berbeda hibernate melanjutkan proses dimatikan mengalami kehilangan tenaga mati kekurangan hibernate jumlah penyimpanan data dibutuhkan untuk hibernate storage cukup besar mengurangi umur ssd cepat proses menghidupkan kembali secepat proses sleep membacanya ram,2,100,1
komputer model von neumann model arsitektur dideskripsikan john von neumann tahun 1945 first draft of a report on the edvac model arsitektur dijadikan basis komputer unit pemrosesan berisi alu register prosesor unit kontrol berisi instruction register program counter memori untuk menyimpan data instruksi penyimpanan eksternal mekanisme input output,3,100,1
turbo boost salah satu fitur prosesor masa bertujuan untuk mempercepat kinerja prosesor kondisinya terpenuhi proses diraih cara menaikkan frekuensi clock sesuai ruang peningkatan direkomendasikan pembuat chip ruang peningkatan disebut thermal headroom memiliki syarat kondisi bergantung temperatur load prosesor bekerja temperatur jauh batas atas kerja tinggi prosesor meningkatkan frekuensi clock nya mengerjakan instruksi cepat beban kerja tinggi temperatur meningkat untuk menjaga stabilitas kerja prosesor turbo boost bekerja maksimal mendekati base clock,4,100,1
